[{"model": "members.school", "pk": 1, "fields": {"created_at": "2018-02-21T02:44:59.234Z", "last_updated": "2018-02-21T02:44:59.234Z", "school_name": "Fr. Agnel", "address": "New Delhi", "city": "New Delhi", "state": "Delhi", "pin": "110001", "description": "description goes here", "email": "example@email.com", "logo": ""}}, {"model": "members.school", "pk": 2, "fields": {"created_at": "2018-03-03T12:51:30.446Z", "last_updated": "2018-03-03T12:51:30.446Z", "school_name": "test school", "address": "school address", "city": "c", "state": "state", "pin": "121212", "description": "description", "email": "a@b.com", "logo": ""}}, {"model": "members.classroom", "pk": 1, "fields": {"created_at": "2018-02-21T02:45:19.939Z", "last_updated": "2018-02-21T02:45:19.939Z", "classroom": "2", "school": 1}}, {"model": "members.classroom", "pk": 2, "fields": {"created_at": "2018-02-21T02:45:26.847Z", "last_updated": "2018-02-21T02:45:26.847Z", "classroom": "3", "school": 1}}, {"model": "members.classroom", "pk": 3, "fields": {"created_at": "2018-02-21T02:45:32.068Z", "last_updated": "2018-02-21T02:45:32.068Z", "classroom": "4", "school": 1}}, {"model": "members.classroom", "pk": 4, "fields": {"created_at": "2018-02-23T01:32:43.217Z", "last_updated": "2018-02-23T01:32:43.217Z", "classroom": "1", "school": 1}}, {"model": "members.classroom", "pk": 5, "fields": {"created_at": "2018-02-23T01:32:49.083Z", "last_updated": "2018-02-23T01:32:49.083Z", "classroom": "5", "school": 1}}, {"model": "members.classsection", "pk": 1, "fields": {"created_at": "2018-02-21T02:45:45.875Z", "last_updated": "2018-02-21T02:45:45.875Z", "class_section": "A", "classroom": 1, "school": 1}}, {"model": "members.classsection", "pk": 2, "fields": {"created_at": "2018-02-21T02:45:52.498Z", "last_updated": "2018-02-21T02:45:52.498Z", "class_section": "B", "classroom": 2, "school": 1}}, {"model": "members.topic", "pk": 1, "fields": {"created_at": "2018-02-21T02:46:12.761Z", "last_updated": "2018-02-23T01:33:15.265Z", "topic_name": "Arithmatic", "school": 1, "classrooms": [1, 2, 3, 4, 5]}}, {"model": "members.topic", "pk": 2, "fields": {"created_at": "2018-02-21T02:46:47.120Z", "last_updated": "2018-02-23T01:33:06.263Z", "topic_name": "Geometry", "school": 1, "classrooms": [1, 2]}}, {"model": "members.subtopic", "pk": 1, "fields": {"created_at": "2018-02-21T02:47:05.367Z", "last_updated": "2018-02-23T01:34:24.202Z", "subtopic_name": "Addition-Subtraction", "topic": 1, "school": 1, "classrooms": [1, 2, 3]}}, {"model": "members.subtopic", "pk": 2, "fields": {"created_at": "2018-02-21T02:47:13.606Z", "last_updated": "2018-02-24T18:06:16.876Z", "subtopic_name": "Multiplication-Division", "topic": 1, "school": 1, "classrooms": [1, 2, 3]}}, {"model": "members.subtopic", "pk": 3, "fields": {"created_at": "2018-02-21T02:47:24.346Z", "last_updated": "2018-02-24T18:06:09.462Z", "subtopic_name": "2D Figures", "topic": 2, "school": 1, "classrooms": [1, 2, 3, 4, 5]}}, {"model": "members.subtopic", "pk": 4, "fields": {"created_at": "2018-02-21T02:47:32.569Z", "last_updated": "2018-02-24T18:06:03.565Z", "subtopic_name": "Basic Shapes", "topic": 2, "school": 1, "classrooms": [1, 2, 3, 4, 5]}}, {"model": "qapp.questions", "pk": 1, "fields": {"created_at": "2018-02-09T12:33:59.344Z", "last_updated": "2018-02-23T01:08:22.886Z", "question": "match left right", "question_img": "question_images/matching_hfuzLfs.png", "school": 1, "classroom": "2", "topic": 2, "subtopic": 3, "difficulty": "l", "question_type": "lhs_rhs", "options": "B,D,E,A,C", "answer": "B,D,E,A,C", "solution": ""}}, {"model": "qapp.questions", "pk": 2, "fields": {"created_at": "2018-02-09T12:37:29.415Z", "last_updated": "2018-02-12T08:42:16.786Z", "question": "Match the correct count in the following image:", "question_img": "question_images/match1.png", "school": 1, "classroom": "2", "topic": 1, "subtopic": 2, "difficulty": "l", "question_type": "lhs_rhs", "options": "tiger", "answer": "answers", "solution": ""}}, {"model": "qapp.questions", "pk": 3, "fields": {"created_at": "2018-02-11T04:06:19.907Z", "last_updated": "2018-02-21T03:02:59.830Z", "question": "Fill in the blanks\r\n5+17-23+9 = ___", "question_img": "", "school": 1, "classroom": "3", "topic": 1, "subtopic": 2, "difficulty": "m", "question_type": "fill_blank", "options": "", "answer": "9", "solution": ""}}, {"model": "qapp.questions", "pk": 4, "fields": {"created_at": "2018-02-11T04:55:33.478Z", "last_updated": "2018-02-21T03:02:30.966Z", "question": "Angad has 3 cows, 2 hens and 1 horse. Find total number of legs of all animals?", "question_img": "question_images/match2.png", "school": 1, "classroom": "3", "topic": 1, "subtopic": 2, "difficulty": "l", "question_type": "value", "options": "20", "answer": "20", "solution": ""}}, {"model": "qapp.questions", "pk": 5, "fields": {"created_at": "2018-02-11T07:18:09.060Z", "last_updated": "2018-02-11T07:18:09.060Z", "question": "add following equations:\r\na+2b=4\r\n3a+5b=9", "question_img": "", "school": 1, "classroom": "4", "topic": 1, "subtopic": 1, "difficulty": "m", "question_type": "value", "options": "4a+6b=13", "answer": "4a+6b=13", "solution": ""}}, {"model": "qapp.questions", "pk": 6, "fields": {"created_at": "2018-02-11T10:32:58.019Z", "last_updated": "2018-02-23T01:07:58.014Z", "question": "add question here", "question_img": "question_images/matching_wnvXrcf.png", "school": 1, "classroom": "4", "topic": 2, "subtopic": 4, "difficulty": "h", "question_type": "value", "options": "", "answer": "answer", "solution": ""}}, {"model": "qapp.questions", "pk": 7, "fields": {"created_at": "2018-02-12T07:42:33.449Z", "last_updated": "2018-02-12T07:48:46.869Z", "question": "17.67 - 11.52 = ?", "question_img": "", "school": 1, "classroom": "3", "topic": 1, "subtopic": 2, "difficulty": "m", "question_type": "value", "options": "j", "answer": "6.15", "solution": ""}}, {"model": "qapp.questions", "pk": 8, "fields": {"created_at": "2018-02-12T07:45:33.868Z", "last_updated": "2018-02-23T01:07:41.439Z", "question": "Which is the correct shape ?\r\nFind 2D Shape", "question_img": "", "school": 1, "classroom": "2", "topic": 2, "subtopic": 3, "difficulty": "m", "question_type": "value", "options": "", "answer": "3", "solution": ""}}, {"model": "qapp.questions", "pk": 9, "fields": {"created_at": "2018-02-12T07:48:17.619Z", "last_updated": "2018-02-12T07:48:35.638Z", "question": "Match the time in left to correct clock -", "question_img": "question_images/Screenshot_from_2018-02-12_13-09-54.png", "school": 1, "classroom": "4", "topic": 1, "subtopic": 2, "difficulty": "h", "question_type": "lhs_rhs", "options": "fill your answers", "answer": "b, d, e, a, c", "solution": ""}}, {"model": "worksheet.worksheet", "pk": 1, "fields": {"created_at": "2018-02-21T03:01:45.016Z", "last_updated": "2018-02-21T03:01:45.016Z", "classroom": "2", "category": "homework", "school": 1, "duration": 20, "due_date": "2018-02-21T03:01:43Z", "question": [1, 2, 8], "topic": [1], "subtopic": [1, 2]}}, {"model": "worksheet.worksheet", "pk": 2, "fields": {"created_at": "2018-02-21T03:03:12.835Z", "last_updated": "2018-02-21T03:03:12.835Z", "classroom": "3", "category": "practice", "school": 1, "duration": 30, "due_date": "2018-02-21T03:03:11Z", "question": [3, 4, 7], "topic": [1], "subtopic": [1, 2]}}, {"model": "worksheet.worksheet", "pk": 3, "fields": {"created_at": "2018-02-21T07:13:46.239Z", "last_updated": "2018-03-03T10:56:39.621Z", "classroom": "3", "category": "classwork", "school": 1, "duration": 30, "due_date": "2018-04-19T18:30:00Z", "question": [1, 3, 4, 5, 6, 7], "topic": [1, 2], "subtopic": [3]}}, {"model": "worksheet.worksheet", "pk": 4, "fields": {"created_at": "2018-03-03T13:57:47.995Z", "last_updated": "2018-03-03T13:57:47.995Z", "classroom": "3", "category": "classwork", "school": 1, "duration": 20, "due_date": "2018-03-20T18:30:00Z", "question": [3, 4], "topic": [1, 2], "subtopic": [1, 2, 3]}}, {"model": "worksheet.worksheet", "pk": 5, "fields": {"created_at": "2018-03-03T16:24:35.809Z", "last_updated": "2018-03-03T16:24:35.809Z", "classroom": "2", "category": "quiz", "school": 1, "duration": 15, "due_date": "2018-03-22T18:30:00Z", "question": [1, 8], "topic": [1, 2], "subtopic": [1, 2, 3]}}, {"model": "worksheet.worksheet", "pk": 6, "fields": {"created_at": "2018-03-04T01:37:31.015Z", "last_updated": "2018-03-04T01:37:31.015Z", "classroom": "4", "category": "testing", "school": 1, "duration": 5, "due_date": "2018-03-16T18:30:00Z", "question": [5], "topic": [1], "subtopic": [1, 2]}}, {"model": "worksheet.worksheet", "pk": 7, "fields": {"created_at": "2018-03-04T01:46:35.957Z", "last_updated": "2018-03-04T01:46:35.957Z", "classroom": "2", "category": "testing", "school": 1, "duration": 20, "due_date": "2018-03-08T18:30:00Z", "question": [2], "topic": [1, 2], "subtopic": [1, 2, 4]}}, {"model": "worksheet.worksheet", "pk": 8, "fields": {"created_at": "2018-03-04T14:12:53.852Z", "last_updated": "2018-03-04T14:12:53.852Z", "classroom": "2", "category": "testing", "school": 1, "duration": 12, "due_date": "2018-03-20T18:30:00Z", "question": [1, 8], "topic": [1, 2], "subtopic": [1, 2, 3]}}, {"model": "worksheet.worksheet", "pk": 9, "fields": {"created_at": "2018-03-04T14:17:59.377Z", "last_updated": "2018-03-04T14:17:59.377Z", "classroom": "4", "category": "quiz", "school": 1, "duration": 10, "due_date": "2018-03-26T18:30:00Z", "question": [9], "topic": [1], "subtopic": [1, 2]}}, {"model": "worksheet.worksheet", "pk": 10, "fields": {"created_at": "2018-03-04T16:13:43.384Z", "last_updated": "2018-03-04T16:13:43.384Z", "classroom": "2", "category": "practice", "school": 1, "duration": 1, "due_date": "2018-03-15T18:30:00Z", "question": [1, 2, 8], "topic": [1, 2], "subtopic": [2, 3, 4]}}, {"model": "worksheet.worksheet", "pk": 11, "fields": {"created_at": "2018-03-05T08:10:13.552Z", "last_updated": "2018-03-05T08:10:13.552Z", "classroom": "2", "category": "practice", "school": 1, "duration": 6, "due_date": "2018-03-22T18:30:00Z", "question": [8], "topic": [1, 2], "subtopic": [2, 3, 4]}}, {"model": "worksheet.worksheet", "pk": 12, "fields": {"created_at": "2018-03-05T11:38:47.784Z", "last_updated": "2018-03-05T11:38:47.784Z", "classroom": "4", "category": "quiz", "school": 1, "duration": 10, "due_date": "2018-03-24T18:30:00Z", "question": [5], "topic": [1], "subtopic": [1, 2]}}, {"model": "worksheet.worksheet", "pk": 13, "fields": {"created_at": "2018-03-13T11:22:22.019Z", "last_updated": "2018-03-13T11:22:22.019Z", "classroom": "3", "category": "quiz", "school": 1, "duration": 55, "due_date": "2018-04-03T18:30:00Z", "question": [5], "topic": [1, 2], "subtopic": [2, 3, 4]}}, {"model": "worksheet.worksheet", "pk": 14, "fields": {"created_at": "2018-03-13T11:33:37.275Z", "last_updated": "2018-03-13T11:33:37.275Z", "classroom": "4", "category": "homework", "school": 1, "duration": 1, "due_date": "2018-03-30T18:30:00Z", "question": [5], "topic": [1], "subtopic": [1, 2]}}, {"model": "worksheet.worksheet", "pk": 15, "fields": {"created_at": "2018-03-13T17:29:47.230Z", "last_updated": "2018-03-13T17:29:47.230Z", "classroom": "2", "category": "classwork", "school": 1, "duration": 22, "due_date": "2018-03-18T18:30:00Z", "question": [2], "topic": [1], "subtopic": [1, 2]}}, {"model": "worksheet.worksheet", "pk": 16, "fields": {"created_at": "2018-03-20T10:31:02.652Z", "last_updated": "2018-03-20T10:31:02.652Z", "classroom": "3", "category": "homework", "school": 1, "duration": 5, "due_date": "2018-03-27T18:30:00Z", "question": [3, 7], "topic": [1, 2], "subtopic": [2, 3, 4]}}, {"model": "worksheet.sharingws", "pk": 1, "fields": {"created_at": "2018-03-04T01:46:36.650Z", "last_updated": "2018-03-04T01:51:14.110Z", "shared_by": 3, "shared_with": 4, "worksheet": 7, "flag": false, "reason": ""}}, {"model": "worksheet.sharingws", "pk": 2, "fields": {"created_at": "2018-03-04T14:12:54.560Z", "last_updated": "2018-03-07T06:32:02.024Z", "shared_by": 3, "shared_with": 6, "worksheet": 8, "flag": false, "reason": ""}}, {"model": "worksheet.sharingws", "pk": 3, "fields": {"created_at": "2018-03-04T14:12:54.739Z", "last_updated": "2018-03-04T14:12:54.739Z", "shared_by": 3, "shared_with": 4, "worksheet": 8, "flag": true, "reason": ""}}, {"model": "worksheet.sharingws", "pk": 4, "fields": {"created_at": "2018-03-04T14:17:59.962Z", "last_updated": "2018-03-04T14:17:59.963Z", "shared_by": 6, "shared_with": 6, "worksheet": 9, "flag": true, "reason": ""}}, {"model": "worksheet.sharingws", "pk": 5, "fields": {"created_at": "2018-03-04T14:18:00.195Z", "last_updated": "2018-03-06T11:32:24.718Z", "shared_by": 6, "shared_with": 3, "worksheet": 9, "flag": false, "reason": "no it is not approved"}}, {"model": "worksheet.sharingws", "pk": 6, "fields": {"created_at": "2018-03-04T14:18:00.429Z", "last_updated": "2018-03-04T14:18:00.429Z", "shared_by": 6, "shared_with": 4, "worksheet": 9, "flag": true, "reason": ""}}, {"model": "worksheet.sharingws", "pk": 7, "fields": {"created_at": "2018-03-04T16:13:44.134Z", "last_updated": "2018-03-04T16:13:44.134Z", "shared_by": 3, "shared_with": 3, "worksheet": 10, "flag": true, "reason": ""}}, {"model": "worksheet.sharingws", "pk": 8, "fields": {"created_at": "2018-03-04T16:13:44.360Z", "last_updated": "2018-03-07T06:32:40.653Z", "shared_by": 3, "shared_with": 6, "worksheet": 10, "flag": false, "reason": ""}}, {"model": "worksheet.sharingws", "pk": 9, "fields": {"created_at": "2018-03-04T16:13:44.582Z", "last_updated": "2018-03-04T16:13:44.582Z", "shared_by": 3, "shared_with": 4, "worksheet": 10, "flag": true, "reason": ""}}, {"model": "worksheet.sharingws", "pk": 10, "fields": {"created_at": "2018-03-05T08:10:14.177Z", "last_updated": "2018-03-05T08:10:14.177Z", "shared_by": 3, "shared_with": 3, "worksheet": 11, "flag": true, "reason": ""}}, {"model": "worksheet.sharingws", "pk": 11, "fields": {"created_at": "2018-03-05T08:10:14.410Z", "last_updated": "2018-03-07T06:38:24.306Z", "shared_by": 3, "shared_with": 6, "worksheet": 11, "flag": false, "reason": "this is approved from myside"}}, {"model": "worksheet.sharingws", "pk": 12, "fields": {"created_at": "2018-03-05T08:10:14.622Z", "last_updated": "2018-03-05T08:10:14.622Z", "shared_by": 3, "shared_with": 4, "worksheet": 11, "flag": true, "reason": ""}}, {"model": "worksheet.sharingws", "pk": 13, "fields": {"created_at": "2018-03-05T11:38:48.459Z", "last_updated": "2018-03-05T11:38:48.459Z", "shared_by": 3, "shared_with": 3, "worksheet": 12, "flag": true, "reason": ""}}, {"model": "worksheet.sharingws", "pk": 14, "fields": {"created_at": "2018-03-06T08:39:44.048Z", "last_updated": "2018-03-06T08:39:44.049Z", "shared_by": 6, "shared_with": 3, "worksheet": 9, "flag": false, "reason": "reject 1"}}, {"model": "worksheet.sharingws", "pk": 15, "fields": {"created_at": "2018-03-06T11:24:11.508Z", "last_updated": "2018-03-06T11:24:11.508Z", "shared_by": 6, "shared_with": 3, "worksheet": 9, "flag": true, "reason": "approved this worksheet"}}, {"model": "worksheet.sharingws", "pk": 16, "fields": {"created_at": "2018-03-13T11:22:22.714Z", "last_updated": "2018-03-13T11:22:22.714Z", "shared_by": 3, "shared_with": 3, "worksheet": 13, "flag": true, "reason": ""}}, {"model": "worksheet.sharingws", "pk": 17, "fields": {"created_at": "2018-03-13T11:22:22.952Z", "last_updated": "2018-03-13T11:22:22.952Z", "shared_by": 3, "shared_with": 4, "worksheet": 13, "flag": true, "reason": ""}}, {"model": "worksheet.sharingws", "pk": 18, "fields": {"created_at": "2018-03-13T11:33:37.850Z", "last_updated": "2018-03-13T11:33:37.850Z", "shared_by": 3, "shared_with": 3, "worksheet": 14, "flag": true, "reason": ""}}, {"model": "worksheet.sharingws", "pk": 19, "fields": {"created_at": "2018-03-13T11:33:38.093Z", "last_updated": "2018-03-13T11:33:38.093Z", "shared_by": 3, "shared_with": 6, "worksheet": 14, "flag": true, "reason": ""}}, {"model": "worksheet.sharingws", "pk": 20, "fields": {"created_at": "2018-03-13T17:29:47.831Z", "last_updated": "2018-03-13T17:29:47.832Z", "shared_by": 3, "shared_with": 3, "worksheet": 15, "flag": true, "reason": ""}}, {"model": "worksheet.sharingws", "pk": 21, "fields": {"created_at": "2018-03-13T17:29:48.078Z", "last_updated": "2018-03-13T17:29:48.079Z", "shared_by": 3, "shared_with": 6, "worksheet": 15, "flag": true, "reason": ""}}, {"model": "worksheet.sharingws", "pk": 22, "fields": {"created_at": "2018-03-20T10:31:03.166Z", "last_updated": "2018-03-20T10:31:03.166Z", "shared_by": 3, "shared_with": 3, "worksheet": 16, "flag": true, "reason": ""}}, {"model": "worksheet.sharingws", "pk": 23, "fields": {"created_at": "2018-03-20T10:31:03.366Z", "last_updated": "2018-03-20T10:33:46.496Z", "shared_by": 3, "shared_with": 6, "worksheet": 16, "flag": true, "reason": "approved"}}, {"model": "contenttypes.contenttype", "fields": {"app_label": "members", "model": "subtopic"}}, {"model": "contenttypes.contenttype", "fields": {"app_label": "members", "model": "school"}}, {"model": "contenttypes.contenttype", "fields": {"app_label": "members", "model": "classsection"}}, {"model": "contenttypes.contenttype", "fields": {"app_label": "members", "model": "profile"}}, {"model": "contenttypes.contenttype", "fields": {"app_label": "members", "model": "classroom"}}, {"model": "contenttypes.contenttype", "fields": {"app_label": "members", "model": "topic"}}, {"model": "contenttypes.contenttype", "fields": {"app_label": "qapp", "model": "questions"}}, {"model": "contenttypes.contenttype", "fields": {"app_label": "worksheet", "model": "assessment"}}, {"model": "contenttypes.contenttype", "fields": {"app_label": "worksheet", "model": "sharingws"}}, {"model": "contenttypes.contenttype", "fields": {"app_label": "worksheet", "model": "worksheet"}}, {"model": "contenttypes.contenttype", "fields": {"app_label": "admin", "model": "logentry"}}, {"model": "contenttypes.contenttype", "fields": {"app_label": "auth", "model": "permission"}}, {"model": "contenttypes.contenttype", "fields": {"app_label": "auth", "model": "group"}}, {"model": "contenttypes.contenttype", "fields": {"app_label": "auth", "model": "user"}}, {"model": "contenttypes.contenttype", "fields": {"app_label": "contenttypes", "model": "contenttype"}}, {"model": "contenttypes.contenttype", "fields": {"app_label": "sessions", "model": "session"}}, {"model": "sessions.session", "pk": "1czacht1975kiw87yyld1gxyvxb6p6tf", "fields": {"session_data": "ZmMzYWYzZWUzNzFiZGRhNTljNTUyZWMzYjJlZjM3ZTE3OWNkMzNkNTp7Il9hdXRoX3VzZXJfaGFzaCI6IjBhMmFjNmMyYTE5NmJjZmRiY2Y2NzY3ZThjZTVhN2EyNjhkMzZkNGIiLCJfYXV0aF91c2VyX2lkIjoiNSIsIl9hdXRoX3VzZXJfYmFja2VuZCI6ImRqYW5nby5jb250cmliLmF1dGguYmFja2VuZHMuTW9kZWxCYWNrZW5kIn0=", "expire_date": "2018-03-20T09:21:16.995Z"}}, {"model": "sessions.session", "pk": "31vxxov6nzvxvte84u6va2ces5hhu60r", "fields": {"session_data": "YjRmNjNmMjVkNjQwMGRjMTAzNzAxNTBlOGVjYjdjOGQwYjViNzcwMzp7InF1ZXN0aW9uX3BrIjpbIjQiLCI3Il0sImNsYXNzcm9vbSI6IjMiLCJ0b3BpY3NfYWxsIjpbIjEiLCIyIl19", "expire_date": "2018-03-14T17:06:14.602Z"}}, {"model": "sessions.session", "pk": "57xu7ve2h1d1bmils0p7zadxlcnwhfbw", "fields": {"session_data": "ZGUyZmZkZWE2NTBiY2U0YjY3YzUxM2U0MDA3NTcwYTFkN2Q1MmFhZjp7Il9hdXRoX3VzZXJfYmFja2VuZCI6ImRqYW5nby5jb250cmliLmF1dGguYmFja2VuZHMuTW9kZWxCYWNrZW5kIiwicXVlc3Rpb25fcGsiOls0LDcsM10sIndzaGVldF9pZCI6Ik5vbmUiLCJzdWJ0b3BpY3NfYWxsIjpbIjMiLCIxIiwiMiJdLCJfYXV0aF91c2VyX2lkIjoiMyIsIl9hdXRoX3VzZXJfaGFzaCI6ImI0ZGM1OGQ5N2RiNTU0ZGE5YzI2NzgwYTVlMTFiYTFmZjg2NWMwZjYiLCJsb2dpbl9kYXRhIjp7ImNzcmZtaWRkbGV3YXJldG9rZW4iOiJNR1VTRDU3RGR5cUhJRnRGZ25NbWVKckkxWGZIcDNLdFg5QTFoVUdka0daZ3p2eTNKTkNiUmZDYTYzd1BJaGhOIiwicGFzc3dvcmQiOiJuaW1kYTEyMyIsInVzZXJuYW1lIjoidGVhY2hlcjEifSwidG9waWNzX2FsbCI6WyIxIiwiMiJdLCJjbGFzc3Jvb20iOiIzIn0=", "expire_date": "2018-03-28T10:41:10.809Z"}}, {"model": "sessions.session", "pk": "91fy9ub2ohsqze0qu64rpj5wjrymywpx", "fields": {"session_data": "OGQwY2YxOTUxYWIwZTY2NmJhYjVlMjY5ZDZkNGVjMzQyNDU2ZmE4OTp7Il9hdXRoX3VzZXJfaGFzaCI6ImI0ZGM1OGQ5N2RiNTU0ZGE5YzI2NzgwYTVlMTFiYTFmZjg2NWMwZjYiLCJjbGFzc3Jvb20iOiIyIiwid3NoZWV0X2lkIjoiTm9uZSIsInRvcGljc19hbGwiOlsiMSIsIjIiXSwic3VidG9waWNzX2FsbCI6WyI0IiwiMiJdLCJsb2dpbl9kYXRhIjp7ImNzcmZtaWRkbGV3YXJldG9rZW4iOiJyTkRPdFJkYUZ4cnprYUJ3UFM4cVFKbkJkWG5OVW9wSnhvd2xLOEJxMUdSQmliTzlOWldLVWRPdXgwSDZsVTYyIiwicGFzc3dvcmQiOiJuaW1kYTEyMyIsInVzZXJuYW1lIjoidGVhY2hlcjEifSwicXVlc3Rpb25fcGsiOlsxLDJdLCJfYXV0aF91c2VyX2lkIjoiMyIsIl9hdXRoX3VzZXJfYmFja2VuZCI6ImRqYW5nby5jb250cmliLmF1dGguYmFja2VuZHMuTW9kZWxCYWNrZW5kIn0=", "expire_date": "2018-03-28T08:26:41.911Z"}}, {"model": "sessions.session", "pk": "bhttbpohogtivwkqpols23sh2k4bfk7u", "fields": {"session_data": "OGZjMDI1MmM4YzMyZTYzYmJlNDEzZmIyNjFkYmUzMmZmZjEyMmU0ZDp7Il9hdXRoX3VzZXJfaGFzaCI6IjBhMmFjNmMyYTE5NmJjZmRiY2Y2NzY3ZThjZTVhN2EyNjhkMzZkNGIiLCJfYXV0aF91c2VyX2JhY2tlbmQiOiJkamFuZ28uY29udHJpYi5hdXRoLmJhY2tlbmRzLk1vZGVsQmFja2VuZCIsIl9hdXRoX3VzZXJfaWQiOiI1In0=", "expire_date": "2018-03-21T09:50:50.815Z"}}, {"model": "sessions.session", "pk": "biw13f46x2cavp3epbfrzzjew2a0zm0o", "fields": {"session_data": "NzQ2ZjY2YWJlNDQ3OGUzNjk3M2NjMzU2M2U2ZDBhYzUxZTg3MDkwZDp7Il9hdXRoX3VzZXJfYmFja2VuZCI6ImRqYW5nby5jb250cmliLmF1dGguYmFja2VuZHMuTW9kZWxCYWNrZW5kIiwibG9naW5fZGF0YSI6eyJ1c2VybmFtZSI6InN0dWRlbnQxIiwicGFzc3dvcmQiOiJuaW1kYTEyMyIsImNzcmZtaWRkbGV3YXJldG9rZW4iOiJtcTJuUkNjMmRDM2RXUHZaeE9lQ2w4VmcwVVlDaUlzQkFyVGZNQjY2NE1NVWUxTXE5S0tXQlFMVEU0UFcxcWFYIn0sIl9hdXRoX3VzZXJfaWQiOiIxIiwiX2F1dGhfdXNlcl9oYXNoIjoiYWZhOTg3NmIyOGI1NDRiNDhhYmU1N2RjYjQ4M2YxZTFkMTkyMWIzYSJ9", "expire_date": "2018-03-08T09:24:48.524Z"}}, {"model": "sessions.session", "pk": "ccn2b88jra3dshfxlkjehp49nprwaw6j", "fields": {"session_data": "MzM5NzM3MDNlY2RmZTc0NWNmNzdkMDgwMDE3NzhiNjgwZjMwMTQ1Mzp7Il9hdXRoX3VzZXJfYmFja2VuZCI6ImRqYW5nby5jb250cmliLmF1dGguYmFja2VuZHMuTW9kZWxCYWNrZW5kIiwiX2F1dGhfdXNlcl9pZCI6IjUiLCJfYXV0aF91c2VyX2hhc2giOiIwYTJhYzZjMmExOTZiY2ZkYmNmNjc2N2U4Y2U1YTdhMjY4ZDM2ZDRiIn0=", "expire_date": "2018-03-18T14:13:09.215Z"}}, {"model": "sessions.session", "pk": "d5bvb06kfwqwzoc63egt0ba8fjk6cymu", "fields": {"session_data": "NTc4YWQ4YWUyYzIyNTI0NTJiOTUxNmI4NjYwMWEyNmExNDhmOTc4Nzp7InRvcGljc19hbGwiOlsiMSIsIjIiXSwicXVlc3Rpb25fcGsiOlsiNCIsIjciXSwiY2xhc3Nyb29tIjoiMyJ9", "expire_date": "2018-03-16T07:45:38.053Z"}}, {"model": "sessions.session", "pk": "e7gd4e4avugzqnw6b7ep9ycr2tttjxlg", "fields": {"session_data": "OGZjMDI1MmM4YzMyZTYzYmJlNDEzZmIyNjFkYmUzMmZmZjEyMmU0ZDp7Il9hdXRoX3VzZXJfaGFzaCI6IjBhMmFjNmMyYTE5NmJjZmRiY2Y2NzY3ZThjZTVhN2EyNjhkMzZkNGIiLCJfYXV0aF91c2VyX2JhY2tlbmQiOiJkamFuZ28uY29udHJpYi5hdXRoLmJhY2tlbmRzLk1vZGVsQmFja2VuZCIsIl9hdXRoX3VzZXJfaWQiOiI1In0=", "expire_date": "2018-03-11T13:44:19.949Z"}}, {"model": "sessions.session", "pk": "fjtmypwbe8ztl6peanve9issjj1htxs8", "fields": {"session_data": "MzM5NzM3MDNlY2RmZTc0NWNmNzdkMDgwMDE3NzhiNjgwZjMwMTQ1Mzp7Il9hdXRoX3VzZXJfYmFja2VuZCI6ImRqYW5nby5jb250cmliLmF1dGguYmFja2VuZHMuTW9kZWxCYWNrZW5kIiwiX2F1dGhfdXNlcl9pZCI6IjUiLCJfYXV0aF91c2VyX2hhc2giOiIwYTJhYzZjMmExOTZiY2ZkYmNmNjc2N2U4Y2U1YTdhMjY4ZDM2ZDRiIn0=", "expire_date": "2018-03-07T02:34:57.214Z"}}, {"model": "sessions.session", "pk": "gnokt58o5oos2l4dbgo7m0vm0w1wr6h1", "fields": {"session_data": "NjE0MmU5NTA0ZjU5OWI3YTdjYzdjYTA3MmVlYTIwNTY0MjBkOTQ0MTp7Il9hdXRoX3VzZXJfaWQiOiI1IiwiX2F1dGhfdXNlcl9iYWNrZW5kIjoiZGphbmdvLmNvbnRyaWIuYXV0aC5iYWNrZW5kcy5Nb2RlbEJhY2tlbmQiLCJfYXV0aF91c2VyX2hhc2giOiIwYTJhYzZjMmExOTZiY2ZkYmNmNjc2N2U4Y2U1YTdhMjY4ZDM2ZDRiIn0=", "expire_date": "2018-03-26T00:09:12.661Z"}}, {"model": "sessions.session", "pk": "gqyrgff5e6zi78q3l6hfvvwumjx5701n", "fields": {"session_data": "YzhhNjUyZmZmZjRjZDFjODY5NGNmZjExOTExY2UwOTIxYzA0ODg1Mjp7InF1ZXN0aW9uX2RhdGEiOnsic3VidG9waWNzX2FsbFtdIjoiMiIsImRpZmZpY3VsdHlbXSI6Im0iLCJwYWdlIjoiMiIsImNsYXNzcm9vbSI6IjMiLCJ0b3BpY3NfYWxsW10iOiIyIn19", "expire_date": "2018-03-13T08:12:14.797Z"}}, {"model": "sessions.session", "pk": "h4iewsf6f8yv8m4t1moov7byr48odi6j", "fields": {"session_data": "ZTAzNWNkMmFiNmM3YTc3OTU3ODYxODI2MTFmZTU1YTM5ZmY0Y2E1Zjp7InF1ZXN0aW9uX2RhdGEiOnsicGFnZSI6IjIiLCJkaWZmaWN1bHR5W10iOiJtIiwiY2xhc3Nyb29tIjoiMyIsInRvcGljc19hbGxbXSI6IjIiLCJzdWJ0b3BpY3NfYWxsW10iOiI0In19", "expire_date": "2018-03-13T09:54:49.462Z"}}, {"model": "sessions.session", "pk": "mu19cmn5bqf25lt3mw7nm7a5ml7by9y8", "fields": {"session_data": "YjA1OWYyYjNhY2I0ZDk2M2QwNTQwYzdhNWQ3ZDQyZTdmMjI2Nzg0Yjp7InF1ZXN0aW9uX2RhdGEiOnsiZGlmZmljdWx0eVtdIjoibSIsInN1YnRvcGljc19hbGxbXSI6IjIiLCJwYWdlIjoiMiIsInRvcGljc19hbGxbXSI6IjIiLCJjbGFzc3Jvb20iOiIzIn19", "expire_date": "2018-03-13T08:16:43.686Z"}}, {"model": "sessions.session", "pk": "nnqaqf3djth1hasanx6gv5p4r5a9hqbt", "fields": {"session_data": "OGZjMDI1MmM4YzMyZTYzYmJlNDEzZmIyNjFkYmUzMmZmZjEyMmU0ZDp7Il9hdXRoX3VzZXJfaGFzaCI6IjBhMmFjNmMyYTE5NmJjZmRiY2Y2NzY3ZThjZTVhN2EyNjhkMzZkNGIiLCJfYXV0aF91c2VyX2JhY2tlbmQiOiJkamFuZ28uY29udHJpYi5hdXRoLmJhY2tlbmRzLk1vZGVsQmFja2VuZCIsIl9hdXRoX3VzZXJfaWQiOiI1In0=", "expire_date": "2018-03-07T07:11:27.903Z"}}, {"model": "sessions.session", "pk": "px0w2xa3m3456t9txutrcxcy7cmbiyqh", "fields": {"session_data": "OTRhODY2MDNhNDg1MDIxMzIzMmM3MzI0OTA1YmUyY2UzMWZmYjlhMDp7ImNsYXNzcm9vbSI6IjIiLCJfYXV0aF91c2VyX2hhc2giOiJiNGRjNThkOTdkYjU1NGRhOWMyNjc4MGE1ZTExYmExZmY4NjVjMGY2IiwiX2F1dGhfdXNlcl9iYWNrZW5kIjoiZGphbmdvLmNvbnRyaWIuYXV0aC5iYWNrZW5kcy5Nb2RlbEJhY2tlbmQiLCJsb2dpbl9kYXRhIjp7ImNzcmZtaWRkbGV3YXJldG9rZW4iOiJBa3p0ZnpSNWpXT0d1QXoyMDdPZU1sUjVmT0QzeEpzYnNDN0JTc0ttQlZ0YTNhT2Zkc2I0bzY4RVpYUWhVMTV3IiwidXNlcm5hbWUiOiJ0ZWFjaGVyMSIsInBhc3N3b3JkIjoibmltZGExMjMifSwic3VidG9waWNzX2FsbCI6WyIyIiwiMyIsIjQiXSwidG9waWNzX2FsbCI6WyIxIiwiMiJdLCJxdWVzdGlvbl9wayI6WyIyIiwiMSIsIjgiXSwid3NoZWV0X2lkIjoiMTAiLCJfYXV0aF91c2VyX2lkIjoiMyJ9", "expire_date": "2018-03-27T12:52:51.113Z"}}, {"model": "sessions.session", "pk": "qy2gjszuqmx4jumsd8d33iz92zdl0dbr", "fields": {"session_data": "MmExZTA0MzJhYmE5ZTY1ZDMwOGZlYTM2YzMzMTEwNDU4OGRhZWNhNzp7InN1YnRvcGljc19hbGwiOltdLCJfYXV0aF91c2VyX2JhY2tlbmQiOiJkamFuZ28uY29udHJpYi5hdXRoLmJhY2tlbmRzLk1vZGVsQmFja2VuZCIsIl9hdXRoX3VzZXJfaWQiOiIzIiwibG9naW5fZGF0YSI6eyJjc3JmbWlkZGxld2FyZXRva2VuIjoiTEE2U1I2N2ZHcmU3QnNzbUxTNnU2aWJCY1ZLU1hhVDNQTGtKWEtKNXdKVnVGY1Njd1J3cjA3b2kyc2dOWjVROSIsInBhc3N3b3JkIjoibmltZGExMjMiLCJ1c2VybmFtZSI6InRlYWNoZXIxIn0sImNsYXNzcm9vbSI6IjEiLCJ3c2hlZXRfaWQiOiJOb25lIiwiX2F1dGhfdXNlcl9oYXNoIjoiYjRkYzU4ZDk3ZGI1NTRkYTljMjY3ODBhNWUxMWJhMWZmODY1YzBmNiIsInRvcGljc19hbGwiOlsiMSJdLCJxdWVzdGlvbl9wayI6W119", "expire_date": "2018-04-02T09:07:32.332Z"}}, {"model": "sessions.session", "pk": "s5ypnqbdyuu5ci3e92qo9a8v3xv6ga8f", "fields": {"session_data": "NjE0MmU5NTA0ZjU5OWI3YTdjYzdjYTA3MmVlYTIwNTY0MjBkOTQ0MTp7Il9hdXRoX3VzZXJfaWQiOiI1IiwiX2F1dGhfdXNlcl9iYWNrZW5kIjoiZGphbmdvLmNvbnRyaWIuYXV0aC5iYWNrZW5kcy5Nb2RlbEJhY2tlbmQiLCJfYXV0aF91c2VyX2hhc2giOiIwYTJhYzZjMmExOTZiY2ZkYmNmNjc2N2U4Y2U1YTdhMjY4ZDM2ZDRiIn0=", "expire_date": "2018-03-10T18:05:47.526Z"}}, {"model": "sessions.session", "pk": "tg4bvgk3vnhcri5gmn0zzrtlkoko88j4", "fields": {"session_data": "MmZlNWZmZDFiNjVmNzExNDc3OTZlNDI1MGNlMzYwMDAwMjBhNmE2OTp7Il9hdXRoX3VzZXJfYmFja2VuZCI6ImRqYW5nby5jb250cmliLmF1dGguYmFja2VuZHMuTW9kZWxCYWNrZW5kIiwiX2F1dGhfdXNlcl9pZCI6IjMiLCJsb2dpbl9kYXRhIjp7InVzZXJuYW1lIjoidGVhY2hlcjEiLCJjc3JmbWlkZGxld2FyZXRva2VuIjoiQXdRaDFaZkhXSTlZNkRrZ0JhQkp5OXhpN2hhR0FFcEV3ejhxVWNZeWZJTXdEdVE3Wm9ySXBEeGpINXNCb0IwcSIsInBhc3N3b3JkIjoibmltZGExMjMifSwiX2F1dGhfdXNlcl9oYXNoIjoiYjRkYzU4ZDk3ZGI1NTRkYTljMjY3ODBhNWUxMWJhMWZmODY1YzBmNiJ9", "expire_date": "2018-03-29T08:22:03.333Z"}}, {"model": "sessions.session", "pk": "u1o6yrs6lkcarz4oitswg37vpcvkofjj", "fields": {"session_data": "ZmMzYWYzZWUzNzFiZGRhNTljNTUyZWMzYjJlZjM3ZTE3OWNkMzNkNTp7Il9hdXRoX3VzZXJfaGFzaCI6IjBhMmFjNmMyYTE5NmJjZmRiY2Y2NzY3ZThjZTVhN2EyNjhkMzZkNGIiLCJfYXV0aF91c2VyX2lkIjoiNSIsIl9hdXRoX3VzZXJfYmFja2VuZCI6ImRqYW5nby5jb250cmliLmF1dGguYmFja2VuZHMuTW9kZWxCYWNrZW5kIn0=", "expire_date": "2018-03-09T06:32:30.085Z"}}, {"model": "sessions.session", "pk": "w42qjezhhybvyducgfqr2z1xcf80vfyf", "fields": {"session_data": "NmI3YzRiNGZiNmQ5ZDYxMjgxMzE2ZDkzMmM0ZmFiZDNkNzExZTE5Mjp7ImNsYXNzcm9vbSI6IjIiLCJxdWVzdGlvbl9wayI6WyIxIiwiOCJdLCJ0b3BpY3NfYWxsIjpbIjEiLCIyIl19", "expire_date": "2018-03-17T02:03:08.003Z"}}, {"model": "sessions.session", "pk": "wo5d1ba2afdxyld04n2eaj8ltwt56pgk", "fields": {"session_data": "OGE2ODg4M2VhZjMyNGIwNmU5ZDE2ZWU0MGI3NGIyYWMyYWE1ZTc5Yjp7Il9hdXRoX3VzZXJfaGFzaCI6ImI0ZGM1OGQ5N2RiNTU0ZGE5YzI2NzgwYTVlMTFiYTFmZjg2NWMwZjYiLCJjbGFzc3Jvb20iOiIxIiwibG9naW5fZGF0YSI6eyJ1c2VybmFtZSI6InRlYWNoZXIxIiwicGFzc3dvcmQiOiJuaW1kYTEyMyIsImNzcmZtaWRkbGV3YXJldG9rZW4iOiI0V3kxcEtVeUp2ZE4yZFp2enhDVkdpZnFlOVBGNzNnaWxEakU3bGtBanVSbDNEcllpQzJXd3pnbmxMTDVRaE8zIn0sInRvcGljc19hbGwiOltdLCJfYXV0aF91c2VyX2lkIjoiMyIsInN1YnRvcGljc19hbGwiOltdLCJxdWVzdGlvbl9wayI6W10sIl9hdXRoX3VzZXJfYmFja2VuZCI6ImRqYW5nby5jb250cmliLmF1dGguYmFja2VuZHMuTW9kZWxCYWNrZW5kIiwid3NoZWV0X2lkIjoiTm9uZSJ9", "expire_date": "2018-04-02T11:32:21.702Z"}}, {"model": "sessions.session", "pk": "xnazmubzzyhwewyk1khu9q6zg6ypoz0b", "fields": {"session_data": "NDg2YjgxMzYwZDljZTY3NmYxZDk0NmU4Y2RmNzkxNmE3NDZiNDdjNDp7InRvcGljc19hbGwiOlsiMSIsIjIiXSwiX2F1dGhfdXNlcl9oYXNoIjoiYjRkYzU4ZDk3ZGI1NTRkYTljMjY3ODBhNWUxMWJhMWZmODY1YzBmNiIsInN1YnRvcGljc19hbGwiOlsiMyIsIjEiLCIyIl0sIl9hdXRoX3VzZXJfaWQiOiIzIiwiY2xhc3Nyb29tIjoiMyIsIl9hdXRoX3VzZXJfYmFja2VuZCI6ImRqYW5nby5jb250cmliLmF1dGguYmFja2VuZHMuTW9kZWxCYWNrZW5kIiwid3NoZWV0X2lkIjoiTm9uZSIsInF1ZXN0aW9uX3BrIjpbIjMiLCI3Il0sImxvZ2luX2RhdGEiOnsiY3NyZm1pZGRsZXdhcmV0b2tlbiI6Ik0zTEw2S2tIelUyUnBHNG5ncHZGSXdVOThWNG1CVkN0ZzB3T24wYlZualN5cUN5eFNOSjZyejhWUEx0aXoxbkIiLCJwYXNzd29yZCI6Im5pbWRhMTIzIiwidXNlcm5hbWUiOiJ0ZWFjaGVyMSJ9fQ==", "expire_date": "2018-03-28T10:36:26.593Z"}}, {"model": "sessions.session", "pk": "yuqj7v61t2nc8kktwvtjts5c0hx8zu7c", "fields": {"session_data": "YTI1ZjcyMDk3MmY5ZjM3MTUwZTU2ZjFhNDFmZGU0MDk1YmZkODJjMzp7Il9hdXRoX3VzZXJfaWQiOiI1IiwiX2F1dGhfdXNlcl9oYXNoIjoiMGEyYWM2YzJhMTk2YmNmZGJjZjY3NjdlOGNlNWE3YTI2OGQzNmQ0YiIsIl9hdXRoX3VzZXJfYmFja2VuZCI6ImRqYW5nby5jb250cmliLmF1dGguYmFja2VuZHMuTW9kZWxCYWNrZW5kIn0=", "expire_date": "2018-03-09T00:46:27.879Z"}}, {"model": "sessions.session", "pk": "zjuey58xox4800lad33f005428pukbp8", "fields": {"session_data": "YzJjY2EyYmFmNTdkNTNhZGFjMGUwZGZmZTU1OTUxYTUwMzY5ZGUzYzp7Il9hdXRoX3VzZXJfYmFja2VuZCI6ImRqYW5nby5jb250cmliLmF1dGguYmFja2VuZHMuTW9kZWxCYWNrZW5kIiwiX2F1dGhfdXNlcl9oYXNoIjoiYjRkYzU4ZDk3ZGI1NTRkYTljMjY3ODBhNWUxMWJhMWZmODY1YzBmNiIsImxvZ2luX2RhdGEiOnsiY3NyZm1pZGRsZXdhcmV0b2tlbiI6Imp4NTZPYUZsbDVvUndEclpmcU1PWVFSeUt0N2h0RncydTdvWUt6OVEyVEtXeDg3RElTZnFvaTJ4d3VocFc5R1kiLCJ1c2VybmFtZSI6InRlYWNoZXIxIiwicGFzc3dvcmQiOiJuaW1kYTEyMyJ9LCJfYXV0aF91c2VyX2lkIjoiMyJ9", "expire_date": "2018-03-19T12:43:22.524Z"}}, {"model": "auth.permission", "fields": {"name": "Can add sub topic", "content_type": ["members", "subtopic"], "codename": "add_subtopic"}}, {"model": "auth.permission", "fields": {"name": "Can change sub topic", "content_type": ["members", "subtopic"], "codename": "change_subtopic"}}, {"model": "auth.permission", "fields": {"name": "Can delete sub topic", "content_type": ["members", "subtopic"], "codename": "delete_subtopic"}}, {"model": "auth.permission", "fields": {"name": "Can add school", "content_type": ["members", "school"], "codename": "add_school"}}, {"model": "auth.permission", "fields": {"name": "Can change school", "content_type": ["members", "school"], "codename": "change_school"}}, {"model": "auth.permission", "fields": {"name": "Can delete school", "content_type": ["members", "school"], "codename": "delete_school"}}, {"model": "auth.permission", "fields": {"name": "Can add class section", "content_type": ["members", "classsection"], "codename": "add_classsection"}}, {"model": "auth.permission", "fields": {"name": "Can change class section", "content_type": ["members", "classsection"], "codename": "change_classsection"}}, {"model": "auth.permission", "fields": {"name": "Can delete class section", "content_type": ["members", "classsection"], "codename": "delete_classsection"}}, {"model": "auth.permission", "fields": {"name": "Can add profile", "content_type": ["members", "profile"], "codename": "add_profile"}}, {"model": "auth.permission", "fields": {"name": "Can change profile", "content_type": ["members", "profile"], "codename": "change_profile"}}, {"model": "auth.permission", "fields": {"name": "Can delete profile", "content_type": ["members", "profile"], "codename": "delete_profile"}}, {"model": "auth.permission", "fields": {"name": "Can add class room", "content_type": ["members", "classroom"], "codename": "add_classroom"}}, {"model": "auth.permission", "fields": {"name": "Can change class room", "content_type": ["members", "classroom"], "codename": "change_classroom"}}, {"model": "auth.permission", "fields": {"name": "Can delete class room", "content_type": ["members", "classroom"], "codename": "delete_classroom"}}, {"model": "auth.permission", "fields": {"name": "Can add topic", "content_type": ["members", "topic"], "codename": "add_topic"}}, {"model": "auth.permission", "fields": {"name": "Can change topic", "content_type": ["members", "topic"], "codename": "change_topic"}}, {"model": "auth.permission", "fields": {"name": "Can delete topic", "content_type": ["members", "topic"], "codename": "delete_topic"}}, {"model": "auth.permission", "fields": {"name": "Can add questions", "content_type": ["qapp", "questions"], "codename": "add_questions"}}, {"model": "auth.permission", "fields": {"name": "Can change questions", "content_type": ["qapp", "questions"], "codename": "change_questions"}}, {"model": "auth.permission", "fields": {"name": "Can delete questions", "content_type": ["qapp", "questions"], "codename": "delete_questions"}}, {"model": "auth.permission", "fields": {"name": "Can add assessment", "content_type": ["worksheet", "assessment"], "codename": "add_assessment"}}, {"model": "auth.permission", "fields": {"name": "Can change assessment", "content_type": ["worksheet", "assessment"], "codename": "change_assessment"}}, {"model": "auth.permission", "fields": {"name": "Can delete assessment", "content_type": ["worksheet", "assessment"], "codename": "delete_assessment"}}, {"model": "auth.permission", "fields": {"name": "Can add sharing ws", "content_type": ["worksheet", "sharingws"], "codename": "add_sharingws"}}, {"model": "auth.permission", "fields": {"name": "Can change sharing ws", "content_type": ["worksheet", "sharingws"], "codename": "change_sharingws"}}, {"model": "auth.permission", "fields": {"name": "Can delete sharing ws", "content_type": ["worksheet", "sharingws"], "codename": "delete_sharingws"}}, {"model": "auth.permission", "fields": {"name": "Can add work sheet", "content_type": ["worksheet", "worksheet"], "codename": "add_worksheet"}}, {"model": "auth.permission", "fields": {"name": "Can change work sheet", "content_type": ["worksheet", "worksheet"], "codename": "change_worksheet"}}, {"model": "auth.permission", "fields": {"name": "Can delete work sheet", "content_type": ["worksheet", "worksheet"], "codename": "delete_worksheet"}}, {"model": "auth.permission", "fields": {"name": "Can add log entry", "content_type": ["admin", "logentry"], "codename": "add_logentry"}}, {"model": "auth.permission", "fields": {"name": "Can change log entry", "content_type": ["admin", "logentry"], "codename": "change_logentry"}}, {"model": "auth.permission", "fields": {"name": "Can delete log entry", "content_type": ["admin", "logentry"], "codename": "delete_logentry"}}, {"model": "auth.permission", "fields": {"name": "Can add permission", "content_type": ["auth", "permission"], "codename": "add_permission"}}, {"model": "auth.permission", "fields": {"name": "Can change permission", "content_type": ["auth", "permission"], "codename": "change_permission"}}, {"model": "auth.permission", "fields": {"name": "Can delete permission", "content_type": ["auth", "permission"], "codename": "delete_permission"}}, {"model": "auth.permission", "fields": {"name": "Can add group", "content_type": ["auth", "group"], "codename": "add_group"}}, {"model": "auth.permission", "fields": {"name": "Can change group", "content_type": ["auth", "group"], "codename": "change_group"}}, {"model": "auth.permission", "fields": {"name": "Can delete group", "content_type": ["auth", "group"], "codename": "delete_group"}}, {"model": "auth.permission", "fields": {"name": "Can add user", "content_type": ["auth", "user"], "codename": "add_user"}}, {"model": "auth.permission", "fields": {"name": "Can change user", "content_type": ["auth", "user"], "codename": "change_user"}}, {"model": "auth.permission", "fields": {"name": "Can delete user", "content_type": ["auth", "user"], "codename": "delete_user"}}, {"model": "auth.permission", "fields": {"name": "Can add content type", "content_type": ["contenttypes", "contenttype"], "codename": "add_contenttype"}}, {"model": "auth.permission", "fields": {"name": "Can change content type", "content_type": ["contenttypes", "contenttype"], "codename": "change_contenttype"}}, {"model": "auth.permission", "fields": {"name": "Can delete content type", "content_type": ["contenttypes", "contenttype"], "codename": "delete_contenttype"}}, {"model": "auth.permission", "fields": {"name": "Can add session", "content_type": ["sessions", "session"], "codename": "add_session"}}, {"model": "auth.permission", "fields": {"name": "Can change session", "content_type": ["sessions", "session"], "codename": "change_session"}}, {"model": "auth.permission", "fields": {"name": "Can delete session", "content_type": ["sessions", "session"], "codename": "delete_session"}}, {"model": "auth.user", "fields": {"password": "pbkdf2_sha256$100000$L6XnAdjzlMHh$0ioXI5rnwUr/g7x7hub+rx1PueQPk0fN452U7e+r2nk=", "last_login": "2018-03-07T09:49:59.739Z", "is_superuser": false, "username": "student1", "first_name": "", "last_name": "", "email": "", "is_staff": false, "is_active": true, "date_joined": "2018-02-21T02:32:50.232Z", "groups": [], "user_permissions": []}}, {"model": "auth.user", "fields": {"password": "pbkdf2_sha256$100000$lfj9oXJudknk$Py77dNFyCSiWKzXQIaZF0sqlDxfu1mtVcFUzBabUMrw=", "last_login": null, "is_superuser": false, "username": "Abhinav", "first_name": "", "last_name": "", "email": "", "is_staff": false, "is_active": true, "date_joined": "2018-02-21T02:33:07.301Z", "groups": [], "user_permissions": []}}, {"model": "auth.user", "fields": {"password": "pbkdf2_sha256$100000$lqRCKNQ5T7q5$9GubzcNUQ3EVxdkBd/kUgq5eZrIif+IFqPcSqbAB1mk=", "last_login": "2018-03-20T10:29:50.238Z", "is_superuser": false, "username": "teacher1", "first_name": "", "last_name": "", "email": "", "is_staff": false, "is_active": true, "date_joined": "2018-02-21T02:33:20.642Z", "groups": [], "user_permissions": []}}, {"model": "auth.user", "fields": {"password": "pbkdf2_sha256$100000$RtKNCUZqntLY$84yNRFU1xSm80+GXqEZPydsTPhQH1i90z+2GRu2mFPo=", "last_login": "2018-03-12T00:22:36.862Z", "is_superuser": false, "username": "teacher2", "first_name": "", "last_name": "", "email": "", "is_staff": false, "is_active": true, "date_joined": "2018-02-21T02:33:29.772Z", "groups": [], "user_permissions": []}}, {"model": "auth.user", "fields": {"password": "pbkdf2_sha256$100000$PM8mS5PL8Y8A$aLzvQbehckGnJJ4um2FOSq0bPPNz9qtas7g8uNzSV/8=", "last_login": "2018-03-19T07:32:18.893Z", "is_superuser": true, "username": "admin", "first_name": "", "last_name": "", "email": "s@g.com", "is_staff": true, "is_active": true, "date_joined": "2018-02-21T02:34:39.666Z", "groups": [], "user_permissions": []}}, {"model": "auth.user", "fields": {"password": "pbkdf2_sha256$100000$ne2b3rwOUExW$WKMyaJmujWePDKdIyOy5hem88WhhtacCDNPlSwShheg=", "last_login": "2018-03-20T10:33:29.957Z", "is_superuser": false, "username": "teacher3", "first_name": "Teacher 3", "last_name": "", "email": "teacher3@gmail.com", "is_staff": false, "is_active": true, "date_joined": "2018-03-04T00:23:35Z", "groups": [], "user_permissions": []}}, {"model": "admin.logentry", "pk": 1, "fields": {"action_time": "2018-02-21T02:44:59.235Z", "user": ["admin"], "content_type": ["members", "classroom"], "object_id": "1", "object_repr": "Fr. Agnel", "action_flag": 1, "change_message": "[{\"added\": {}}]"}}, {"model": "admin.logentry", "pk": 2, "fields": {"action_time": "2018-02-21T02:45:19.940Z", "user": ["admin"], "content_type": ["members", "subtopic"], "object_id": "1", "object_repr": "2", "action_flag": 1, "change_message": "[{\"added\": {}}]"}}, {"model": "admin.logentry", "pk": 3, "fields": {"action_time": "2018-02-21T02:45:26.848Z", "user": ["admin"], "content_type": ["members", "subtopic"], "object_id": "2", "object_repr": "3", "action_flag": 1, "change_message": "[{\"added\": {}}]"}}, {"model": "admin.logentry", "pk": 4, "fields": {"action_time": "2018-02-21T02:45:32.069Z", "user": ["admin"], "content_type": ["members", "subtopic"], "object_id": "3", "object_repr": "4", "action_flag": 1, "change_message": "[{\"added\": {}}]"}}, {"model": "admin.logentry", "pk": 5, "fields": {"action_time": "2018-02-21T02:45:45.876Z", "user": ["admin"], "content_type": ["members", "classsection"], "object_id": "1", "object_repr": "2-A", "action_flag": 1, "change_message": "[{\"added\": {}}]"}}, {"model": "admin.logentry", "pk": 6, "fields": {"action_time": "2018-02-21T02:45:52.499Z", "user": ["admin"], "content_type": ["members", "classsection"], "object_id": "2", "object_repr": "3-B", "action_flag": 1, "change_message": "[{\"added\": {}}]"}}, {"model": "admin.logentry", "pk": 7, "fields": {"action_time": "2018-02-21T02:46:12.762Z", "user": ["admin"], "content_type": ["members", "profile"], "object_id": "1", "object_repr": "Arithmatic", "action_flag": 1, "change_message": "[{\"added\": {}}]"}}, {"model": "admin.logentry", "pk": 8, "fields": {"action_time": "2018-02-21T02:46:47.121Z", "user": ["admin"], "content_type": ["members", "profile"], "object_id": "2", "object_repr": "Geometry", "action_flag": 1, "change_message": "[{\"added\": {}}]"}}, {"model": "admin.logentry", "pk": 9, "fields": {"action_time": "2018-02-21T02:47:05.368Z", "user": ["admin"], "content_type": ["members", "topic"], "object_id": "1", "object_repr": "Addition-Subtraction", "action_flag": 1, "change_message": "[{\"added\": {}}]"}}, {"model": "admin.logentry", "pk": 10, "fields": {"action_time": "2018-02-21T02:47:13.607Z", "user": ["admin"], "content_type": ["members", "topic"], "object_id": "2", "object_repr": "Multiplication-Division", "action_flag": 1, "change_message": "[{\"added\": {}}]"}}, {"model": "admin.logentry", "pk": 11, "fields": {"action_time": "2018-02-21T02:47:24.347Z", "user": ["admin"], "content_type": ["members", "topic"], "object_id": "3", "object_repr": "2D Figures", "action_flag": 1, "change_message": "[{\"added\": {}}]"}}, {"model": "admin.logentry", "pk": 12, "fields": {"action_time": "2018-02-21T02:47:32.570Z", "user": ["admin"], "content_type": ["members", "topic"], "object_id": "4", "object_repr": "Basic Shapes", "action_flag": 1, "change_message": "[{\"added\": {}}]"}}, {"model": "admin.logentry", "pk": 13, "fields": {"action_time": "2018-02-21T02:48:26Z", "user": ["admin"], "content_type": ["members", "school"], "object_id": "1", "object_repr": "student1-student-StudentName", "action_flag": 1, "change_message": "[{\"added\": {}}]"}}, {"model": "admin.logentry", "pk": 14, "fields": {"action_time": "2018-02-21T02:49:04.992Z", "user": ["admin"], "content_type": ["members", "school"], "object_id": "2", "object_repr": "Abhinav-student-StudentName2", "action_flag": 1, "change_message": "[{\"added\": {}}]"}}, {"model": "admin.logentry", "pk": 15, "fields": {"action_time": "2018-02-21T02:49:39.522Z", "user": ["admin"], "content_type": ["members", "school"], "object_id": "3", "object_repr": "teacher1-teacher-TeacherName", "action_flag": 1, "change_message": "[{\"added\": {}}]"}}, {"model": "admin.logentry", "pk": 16, "fields": {"action_time": "2018-02-21T02:50:06.544Z", "user": ["admin"], "content_type": ["members", "school"], "object_id": "4", "object_repr": "teacher2-teacher-TeacherName2", "action_flag": 1, "change_message": "[{\"added\": {}}]"}}, {"model": "admin.logentry", "pk": 17, "fields": {"action_time": "2018-02-21T03:01:45.030Z", "user": ["admin"], "content_type": ["worksheet", "assessment"], "object_id": "1", "object_repr": "homework-2", "action_flag": 1, "change_message": "[{\"added\": {}}]"}}, {"model": "admin.logentry", "pk": 18, "fields": {"action_time": "2018-02-21T03:02:30.968Z", "user": ["admin"], "content_type": ["qapp", "questions"], "object_id": "4", "object_repr": "Angad has 3 cows, 2 hens and 1 horse. Find total number of legs of all animals?", "action_flag": 2, "change_message": "[{\"changed\": {\"fields\": [\"topic\"]}}]"}}, {"model": "admin.logentry", "pk": 19, "fields": {"action_time": "2018-02-21T03:02:59.832Z", "user": ["admin"], "content_type": ["qapp", "questions"], "object_id": "3", "object_repr": "Fill in the blanks\r\n5+17-23+9 = ___", "action_flag": 2, "change_message": "[{\"changed\": {\"fields\": [\"topic\", \"subtopic\"]}}]"}}, {"model": "admin.logentry", "pk": 20, "fields": {"action_time": "2018-02-21T03:03:12.899Z", "user": ["admin"], "content_type": ["worksheet", "assessment"], "object_id": "2", "object_repr": "practice-3", "action_flag": 1, "change_message": "[{\"added\": {}}]"}}, {"model": "admin.logentry", "pk": 21, "fields": {"action_time": "2018-02-21T03:03:31.583Z", "user": ["admin"], "content_type": ["members", "school"], "object_id": "1", "object_repr": "student1-student-StudentName", "action_flag": 2, "change_message": "[{\"changed\": {\"fields\": [\"worksheets\"]}}]"}}, {"model": "admin.logentry", "pk": 22, "fields": {"action_time": "2018-02-21T03:03:38.109Z", "user": ["admin"], "content_type": ["members", "school"], "object_id": "2", "object_repr": "Abhinav-student-StudentName2", "action_flag": 2, "change_message": "[{\"changed\": {\"fields\": [\"worksheets\"]}}]"}}, {"model": "admin.logentry", "pk": 23, "fields": {"action_time": "2018-02-21T07:12:06.619Z", "user": ["admin"], "content_type": ["members", "school"], "object_id": "3", "object_repr": "teacher1-teacher-TeacherName", "action_flag": 2, "change_message": "[{\"changed\": {\"fields\": [\"worksheets\"]}}]"}}, {"model": "admin.logentry", "pk": 24, "fields": {"action_time": "2018-02-21T07:12:32.054Z", "user": ["admin"], "content_type": ["members", "school"], "object_id": "4", "object_repr": "teacher2-teacher-TeacherName2", "action_flag": 2, "change_message": "[{\"changed\": {\"fields\": [\"worksheets\"]}}]"}}, {"model": "admin.logentry", "pk": 25, "fields": {"action_time": "2018-02-23T01:07:41.441Z", "user": ["admin"], "content_type": ["qapp", "questions"], "object_id": "8", "object_repr": "Which is the correct shape ?\r\nFind 2D Shape", "action_flag": 2, "change_message": "[{\"changed\": {\"fields\": [\"question\", \"subtopic\"]}}]"}}, {"model": "admin.logentry", "pk": 26, "fields": {"action_time": "2018-02-23T01:07:58.017Z", "user": ["admin"], "content_type": ["qapp", "questions"], "object_id": "6", "object_repr": "add question here", "action_flag": 2, "change_message": "[{\"changed\": {\"fields\": [\"subtopic\"]}}]"}}, {"model": "admin.logentry", "pk": 27, "fields": {"action_time": "2018-02-23T01:08:22.887Z", "user": ["admin"], "content_type": ["qapp", "questions"], "object_id": "1", "object_repr": "match left right", "action_flag": 2, "change_message": "[{\"changed\": {\"fields\": [\"topic\", \"subtopic\"]}}]"}}, {"model": "admin.logentry", "pk": 28, "fields": {"action_time": "2018-02-23T01:32:43.218Z", "user": ["admin"], "content_type": ["members", "subtopic"], "object_id": "4", "object_repr": "1", "action_flag": 1, "change_message": "[{\"added\": {}}]"}}, {"model": "admin.logentry", "pk": 29, "fields": {"action_time": "2018-02-23T01:32:49.084Z", "user": ["admin"], "content_type": ["members", "subtopic"], "object_id": "5", "object_repr": "5", "action_flag": 1, "change_message": "[{\"added\": {}}]"}}, {"model": "admin.logentry", "pk": 30, "fields": {"action_time": "2018-02-23T01:33:06.269Z", "user": ["admin"], "content_type": ["members", "profile"], "object_id": "2", "object_repr": "Geometry", "action_flag": 2, "change_message": "[{\"changed\": {\"fields\": [\"classrooms\"]}}]"}}, {"model": "admin.logentry", "pk": 31, "fields": {"action_time": "2018-02-23T01:33:15.271Z", "user": ["admin"], "content_type": ["members", "profile"], "object_id": "1", "object_repr": "Arithmatic", "action_flag": 2, "change_message": "[{\"changed\": {\"fields\": [\"classrooms\"]}}]"}}, {"model": "admin.logentry", "pk": 32, "fields": {"action_time": "2018-02-23T01:34:02.936Z", "user": ["admin"], "content_type": ["members", "topic"], "object_id": "4", "object_repr": "Basic Shapes", "action_flag": 2, "change_message": "[{\"changed\": {\"fields\": [\"classrooms\"]}}]"}}, {"model": "admin.logentry", "pk": 33, "fields": {"action_time": "2018-02-23T01:34:10.955Z", "user": ["admin"], "content_type": ["members", "topic"], "object_id": "3", "object_repr": "2D Figures", "action_flag": 2, "change_message": "[{\"changed\": {\"fields\": [\"classrooms\"]}}]"}}, {"model": "admin.logentry", "pk": 34, "fields": {"action_time": "2018-02-23T01:34:17.541Z", "user": ["admin"], "content_type": ["members", "topic"], "object_id": "2", "object_repr": "Multiplication-Division", "action_flag": 2, "change_message": "[{\"changed\": {\"fields\": [\"classrooms\"]}}]"}}, {"model": "admin.logentry", "pk": 35, "fields": {"action_time": "2018-02-23T01:34:24.206Z", "user": ["admin"], "content_type": ["members", "topic"], "object_id": "1", "object_repr": "Addition-Subtraction", "action_flag": 2, "change_message": "[{\"changed\": {\"fields\": [\"classrooms\"]}}]"}}, {"model": "admin.logentry", "pk": 36, "fields": {"action_time": "2018-02-24T18:06:03.571Z", "user": ["admin"], "content_type": ["members", "topic"], "object_id": "4", "object_repr": "Basic Shapes", "action_flag": 2, "change_message": "[{\"changed\": {\"fields\": [\"classrooms\"]}}]"}}, {"model": "admin.logentry", "pk": 37, "fields": {"action_time": "2018-02-24T18:06:09.468Z", "user": ["admin"], "content_type": ["members", "topic"], "object_id": "3", "object_repr": "2D Figures", "action_flag": 2, "change_message": "[{\"changed\": {\"fields\": [\"classrooms\"]}}]"}}, {"model": "admin.logentry", "pk": 38, "fields": {"action_time": "2018-02-24T18:06:16.879Z", "user": ["admin"], "content_type": ["members", "topic"], "object_id": "2", "object_repr": "Multiplication-Division", "action_flag": 2, "change_message": "[]"}}, {"model": "admin.logentry", "pk": 39, "fields": {"action_time": "2018-03-03T10:56:39.632Z", "user": ["admin"], "content_type": ["worksheet", "assessment"], "object_id": "3", "object_repr": "classwork-3", "action_flag": 2, "change_message": "[{\"changed\": {\"fields\": [\"school\"]}}]"}}, {"model": "admin.logentry", "pk": 40, "fields": {"action_time": "2018-03-04T00:23:35.308Z", "user": ["admin"], "content_type": ["auth", "permission"], "object_id": "6", "object_repr": "teacher3", "action_flag": 1, "change_message": "[{\"added\": {}}]"}}, {"model": "admin.logentry", "pk": 41, "fields": {"action_time": "2018-03-04T00:25:01.502Z", "user": ["admin"], "content_type": ["auth", "permission"], "object_id": "6", "object_repr": "teacher3", "action_flag": 2, "change_message": "[{\"changed\": {\"fields\": [\"first_name\", \"email\"]}}]"}}, {"model": "admin.logentry", "pk": 42, "fields": {"action_time": "2018-03-04T00:26:13.844Z", "user": ["admin"], "content_type": ["members", "school"], "object_id": "6", "object_repr": "teacher3-teacher-Teacher 3", "action_flag": 1, "change_message": "[{\"added\": {}}]"}}, {"model": "admin.logentry", "pk": 43, "fields": {"action_time": "2018-03-04T01:51:14.116Z", "user": ["admin"], "content_type": ["sessions", "session"], "object_id": "1", "object_repr": "teacher1-teacher-TeacherName-teacher2-teacher-TeacherName2-testing-2-False", "action_flag": 2, "change_message": "[{\"changed\": {\"fields\": [\"flag\"]}}]"}}, {"model": "admin.logentry", "pk": 44, "fields": {"action_time": "2018-03-19T07:32:03.705Z", "user": ["admin"], "content_type": ["qapp", "questions"], "object_id": "8", "object_repr": "Which is the correct shape ?\r\nFind 2D Shape", "action_flag": 3, "change_message": ""}}, {"model": "members.profile", "pk": 1, "fields": {"created_at": "2018-02-21T02:48:25.995Z", "last_updated": "2018-02-21T03:03:31.577Z", "role": "student", "school": 1, "name": "StudentName", "email": "student@student.com", "image": "images/student1_jXH1CTd.png", "roll_number": "2", "classroom": 1, "class_section": 1, "teacher_id": null, "worksheets": [1]}}, {"model": "members.profile", "pk": 2, "fields": {"created_at": "2018-02-21T02:49:04.987Z", "last_updated": "2018-02-21T03:03:38.101Z", "role": "student", "school": 1, "name": "StudentName2", "email": "abhinav@gmail.com", "image": "images/student2_2GT0ENx.png", "roll_number": "19", "classroom": 2, "class_section": 2, "teacher_id": null, "worksheets": [2]}}, {"model": "members.profile", "pk": 3, "fields": {"created_at": "2018-02-21T02:49:39.516Z", "last_updated": "2018-02-21T07:12:06.613Z", "role": "teacher", "school": 1, "name": "TeacherName", "email": "pratik@gmail.com", "image": "images/teacher1_czGRFHF.png", "roll_number": null, "classroom": null, "class_section": null, "teacher_id": "tid-1", "worksheets": [1, 2, 5, 7, 8, 9, 10, 11, 12, 13, 14, 15, 16]}}, {"model": "members.profile", "pk": 4, "fields": {"created_at": "2018-02-21T02:50:06.540Z", "last_updated": "2018-02-21T07:12:32.048Z", "role": "teacher", "school": 1, "name": "TeacherName2", "email": "rajesh@gmail.com", "image": "images/default.png", "roll_number": null, "classroom": null, "class_section": null, "teacher_id": "tid10", "worksheets": [2, 5, 7, 8, 9, 10, 11, 13]}}, {"model": "members.profile", "pk": 6, "fields": {"created_at": "2018-03-04T00:26:13.841Z", "last_updated": "2018-03-04T00:26:13.841Z", "role": "teacher", "school": 1, "name": "Teacher 3", "email": "teacher3@gmail.com", "image": "images/default.png", "roll_number": null, "classroom": null, "class_section": null, "teacher_id": "tid-3", "worksheets": [8, 9, 10, 11, 14, 15, 16]}}]